elapsed_seconds,nvidia_timestamp,gpu_uuid,sm_clock_mhz,memory_clock_mhz,temperature_c,power_draw_w,power_limit_w,gpu_utilization_percent,memory_used_mib,memory_total_mib
0.05144809999910649,2026/09/10 17:13:03.055,GPU-b60240a9-31a3-126f-751f-afc1dcc1d73f,2520,10501,35,14.89,450.00,2,1579,24564
5.11201119999896,2026/09/10 17:13:08.116,GPU-b60240a9-31a3-126f-751f-afc1dcc1d73f,2580,10251,55,450.13,450.00,100,1601,24564
10.16024710000056,2026/09/10 17:13:13.164,GPU-b60240a9-31a3-126f-751f-afc1dcc1d73f,2535,10251,58,449.68,450.00,100,1596,24564
15.207235199999559,2026/09/10 17:13:18.212,GPU-b60240a9-31a3-126f-751f-afc1dcc1d73f,2535,10251,60,449.33,450.00,100,1596,24564
20.256113299998106,2026/09/10 17:13:23.260,GPU-b60240a9-31a3-126f-751f-afc1dcc1d73f,2520,10251,62,450.40,450.00,100,1596,24564
25.317441499999404,2026/09/10 17:13:28.321,GPU-b60240a9-31a3-126f-751f-afc1dcc1d73f,2535,10251,64,448.60,450.00,100,1605,24564
30.377020599997195,2026/09/10 17:13:33.380,GPU-b60240a9-31a3-126f-751f-afc1dcc1d73f,2505,10251,66,449.92,450.00,100,1604,24564
35.43727559999752,2026/09/10 17:13:38.441,GPU-b60240a9-31a3-126f-751f-afc1dcc1d73f,2505,10251,67,449.73,450.00,100,1604,24564
40.49692199999845,2026/09/10 17:13:43.501,GPU-b60240a9-31a3-126f-751f-afc1dcc1d73f,2505,10251,69,449.55,450.00,100,1604,24564
45.544696799999656,2026/09/10 17:13:48.548,GPU-b60240a9-31a3-126f-751f-afc1dcc1d73f,2505,10251,70,449.66,450.00,100,1604,24564
50.609424299997045,2026/09/10 17:13:53.612,GPU-b60240a9-31a3-126f-751f-afc1dcc1d73f,2490,10251,71,450.27,450.00,100,1604,24564
55.65897629999745,2026/09/10 17:13:58.662,GPU-b60240a9-31a3-126f-751f-afc1dcc1d73f,2505,10251,72,449.85,450.00,100,1604,24564
60.70607789999849,2026/09/10 17:14:03.710,GPU-b60240a9-31a3-126f-751f-afc1dcc1d73f,2505,10251,72,449.69,450.00,100,1604,24564
65.76503509999748,2026/09/10 17:14:08.769,GPU-b60240a9-31a3-126f-751f-afc1dcc1d73f,2505,10251,73,450.30,450.00,100,1604,24564
70.82636929999717,2026/09/10 17:14:13.830,GPU-b60240a9-31a3-126f-751f-afc1dcc1d73f,2475,10251,73,448.65,450.00,100,1604,24564
75.88831269999719,2026/09/10 17:14:18.891,GPU-b60240a9-31a3-126f-751f-afc1dcc1d73f,2505,10251,74,449.57,450.00,100,1604,24564
80.94966740000018,2026/09/10 17:14:23.953,GPU-b60240a9-31a3-126f-751f-afc1dcc1d73f,2505,10251,74,449.55,450.00,100,1604,24564
85.99818529999902,2026/09/10 17:14:29.001,GPU-b60240a9-31a3-126f-751f-afc1dcc1d73f,2505,10251,75,449.87,450.00,100,1604,24564
91.06089529999736,2026/09/10 17:14:34.064,GPU-b60240a9-31a3-126f-751f-afc1dcc1d73f,2475,10251,75,450.17,450.00,100,1604,24564
96.12190980000014,2026/09/10 17:14:39.125,GPU-b60240a9-31a3-126f-751f-afc1dcc1d73f,2490,10251,75,449.19,450.00,100,1604,24564
101.18086199999743,2026/09/10 17:14:44.184,GPU-b60240a9-31a3-126f-751f-afc1dcc1d73f,2490,10251,75,449.76,450.00,100,1604,24564
106.24110469999869,2026/09/10 17:14:49.244,GPU-b60240a9-31a3-126f-751f-afc1dcc1d73f,2490,10251,76,448.49,450.00,100,1604,24564
111.2882049999971,2026/09/10 17:14:54.291,GPU-b60240a9-31a3-126f-751f-afc1dcc1d73f,2475,10251,76,449.05,450.00,100,1604,24564
116.35249479999766,2026/09/10 17:14:59.355,GPU-b60240a9-31a3-126f-751f-afc1dcc1d73f,2490,10251,76,449.57,450.00,100,1604,24564
121.41284079999969,2026/09/10 17:15:04.416,GPU-b60240a9-31a3-126f-751f-afc1dcc1d73f,2505,10251,76,450.31,450.00,100,1604,24564
126.47118179999961,2026/09/10 17:15:09.474,GPU-b60240a9-31a3-126f-751f-afc1dcc1d73f,2475,10251,76,449.43,450.00,100,1604,24564
131.53192729999864,2026/09/10 17:15:14.535,GPU-b60240a9-31a3-126f-751f-afc1dcc1d73f,2490,10251,76,449.44,450.00,100,1604,24564
136.59185069999876,2026/09/10 17:15:19.595,GPU-b60240a9-31a3-126f-751f-afc1dcc1d73f,2490,10251,77,450.62,450.00,100,1604,24564
141.65305669999725,2026/09/10 17:15:24.656,GPU-b60240a9-31a3-126f-751f-afc1dcc1d73f,2475,10251,76,448.74,450.00,100,1604,24564
146.71417389999988,2026/09/10 17:15:29.717,GPU-b60240a9-31a3-126f-751f-afc1dcc1d73f,2490,10251,76,448.46,450.00,100,1604,24564
151.7741016,2026/09/10 17:15:34.777,GPU-b60240a9-31a3-126f-751f-afc1dcc1d73f,2505,10251,77,449.92,450.00,100,1604,24564
156.83593029999975,2026/09/10 17:15:39.839,GPU-b60240a9-31a3-126f-751f-afc1dcc1d73f,2490,10251,76,448.04,450.00,100,1604,24564
161.89337239999804,2026/09/10 17:15:44.896,GPU-b60240a9-31a3-126f-751f-afc1dcc1d73f,2505,10251,77,450.67,450.00,100,1604,24564
166.95206549999784,2026/09/10 17:15:49.955,GPU-b60240a9-31a3-126f-751f-afc1dcc1d73f,2490,10251,77,448.78,450.00,100,1604,24564
172.01277239999763,2026/09/10 17:15:55.015,GPU-b60240a9-31a3-126f-751f-afc1dcc1d73f,2475,10251,77,449.31,450.00,100,1604,24564
177.07453389999864,2026/09/10 17:16:00.077,GPU-b60240a9-31a3-126f-751f-afc1dcc1d73f,2490,10251,77,450.58,450.00,100,1604,24564
182.12314499999775,2026/09/10 17:16:05.125,GPU-b60240a9-31a3-126f-751f-afc1dcc1d73f,2475,10251,77,450.72,450.00,100,1604,24564
187.17124139999942,2026/09/10 17:16:10.174,GPU-b60240a9-31a3-126f-751f-afc1dcc1d73f,2505,10251,77,448.31,450.00,100,1604,24564
192.2299518999971,2026/09/10 17:16:15.233,GPU-b60240a9-31a3-126f-751f-afc1dcc1d73f,2475,10251,77,449.33,450.00,100,1604,24564
197.29140629999893,2026/09/10 17:16:20.294,GPU-b60240a9-31a3-126f-751f-afc1dcc1d73f,2490,10251,77,448.82,450.00,100,1604,24564
202.3508804999983,2026/09/10 17:16:25.353,GPU-b60240a9-31a3-126f-751f-afc1dcc1d73f,2475,10251,77,448.83,450.00,100,1604,24564
207.39975589999813,2026/09/10 17:16:30.402,GPU-b60240a9-31a3-126f-751f-afc1dcc1d73f,2505,10251,77,449.81,450.00,100,1604,24564
212.46169349999764,2026/09/10 17:16:35.464,GPU-b60240a9-31a3-126f-751f-afc1dcc1d73f,2505,10251,77,449.88,450.00,100,1604,24564
217.50974339999811,2026/09/10 17:16:40.512,GPU-b60240a9-31a3-126f-751f-afc1dcc1d73f,2475,10251,77,450.11,450.00,100,1604,24564
222.568500399997,2026/09/10 17:16:45.571,GPU-b60240a9-31a3-126f-751f-afc1dcc1d73f,2475,10251,77,448.43,450.00,100,1604,24564
227.6272504999979,2026/09/10 17:16:50.630,GPU-b60240a9-31a3-126f-751f-afc1dcc1d73f,2505,10251,77,448.45,450.00,100,1604,24564
232.68663699999888,2026/09/10 17:16:55.689,GPU-b60240a9-31a3-126f-751f-afc1dcc1d73f,2505,10251,77,449.84,450.00,100,1604,24564
237.73365659999763,2026/09/10 17:17:00.736,GPU-b60240a9-31a3-126f-751f-afc1dcc1d73f,2505,10251,77,450.42,450.00,100,1604,24564
242.77984619999916,2026/09/10 17:17:05.782,GPU-b60240a9-31a3-126f-751f-afc1dcc1d73f,2505,10251,76,448.61,450.00,100,1625,24564
247.84186909999698,2026/09/10 17:17:10.843,GPU-b60240a9-31a3-126f-751f-afc1dcc1d73f,2475,10251,77,449.65,450.00,100,1648,24564
252.89161740000054,2026/09/10 17:17:15.893,GPU-b60240a9-31a3-126f-751f-afc1dcc1d73f,2520,10251,76,449.21,450.00,100,1643,24564
257.95592269999906,2026/09/10 17:17:20.958,GPU-b60240a9-31a3-126f-751f-afc1dcc1d73f,2490,10251,77,449.66,450.00,100,1625,24564
263.0165089999973,2026/09/10 17:17:26.018,GPU-b60240a9-31a3-126f-751f-afc1dcc1d73f,2505,10251,77,449.62,450.00,100,1620,24564
268.0664090999999,2026/09/10 17:17:31.068,GPU-b60240a9-31a3-126f-751f-afc1dcc1d73f,2475,10251,76,449.35,450.00,100,1620,24564
273.1185793000004,2026/09/10 17:17:36.119,GPU-b60240a9-31a3-126f-751f-afc1dcc1d73f,2490,10251,77,449.80,450.00,100,1684,24564
278.16854839999723,2026/09/10 17:17:41.169,GPU-b60240a9-31a3-126f-751f-afc1dcc1d73f,2505,10251,77,448.93,450.00,100,1684,24564
283.2260489,2026/09/10 17:17:46.227,GPU-b60240a9-31a3-126f-751f-afc1dcc1d73f,2490,10251,77,450.05,450.00,100,1712,24564
288.28376019999996,2026/09/10 17:17:51.285,GPU-b60240a9-31a3-126f-751f-afc1dcc1d73f,2475,10251,76,449.14,450.00,100,1679,24564
293.3315690999989,2026/09/10 17:17:56.333,GPU-b60240a9-31a3-126f-751f-afc1dcc1d73f,2505,10251,76,449.70,450.00,100,1585,24564
298.3907612999974,2026/09/10 17:18:01.392,GPU-b60240a9-31a3-126f-751f-afc1dcc1d73f,2535,10251,76,449.16,450.00,100,1614,24564
303.4310661999989,2026/09/10 17:18:06.433,GPU-b60240a9-31a3-126f-751f-afc1dcc1d73f,2505,10251,76,450.46,450.00,100,1563,24564
308.4733983999977,2026/09/10 17:18:11.474,GPU-b60240a9-31a3-126f-751f-afc1dcc1d73f,2505,10251,76,450.01,450.00,100,1561,24564
313.53620779999983,2026/09/10 17:18:16.535,GPU-b60240a9-31a3-126f-751f-afc1dcc1d73f,2565,10251,76,448.83,450.00,99,1649,24564
318.6004826999997,2026/09/10 17:18:21.601,GPU-b60240a9-31a3-126f-751f-afc1dcc1d73f,2475,10251,76,449.11,450.00,100,1659,24564
323.65371569999843,2026/09/10 17:18:26.655,GPU-b60240a9-31a3-126f-751f-afc1dcc1d73f,2475,10251,76,449.48,450.00,100,1579,24564
328.71337049999784,2026/09/10 17:18:31.714,GPU-b60240a9-31a3-126f-751f-afc1dcc1d73f,2490,10251,76,448.53,450.00,100,1660,24564
333.76145689999976,2026/09/10 17:18:36.761,GPU-b60240a9-31a3-126f-751f-afc1dcc1d73f,2490,10251,76,450.37,450.00,100,1660,24564
338.8006404999978,2026/09/10 17:18:41.800,GPU-b60240a9-31a3-126f-751f-afc1dcc1d73f,2475,10251,76,450.39,450.00,100,1660,24564
343.85577269999703,2026/09/10 17:18:46.856,GPU-b60240a9-31a3-126f-751f-afc1dcc1d73f,2505,10251,76,450.27,450.00,100,1660,24564
348.90048229999957,2026/09/10 17:18:51.901,GPU-b60240a9-31a3-126f-751f-afc1dcc1d73f,2490,10251,76,450.31,450.00,100,1660,24564
353.94184379999933,2026/09/10 17:18:56.942,GPU-b60240a9-31a3-126f-751f-afc1dcc1d73f,2490,10251,76,448.42,450.00,100,1660,24564
358.9952818999991,2026/09/10 17:19:01.995,GPU-b60240a9-31a3-126f-751f-afc1dcc1d73f,2490,10251,76,450.39,450.00,100,1660,24564
364.04879749999964,2026/09/10 17:19:07.049,GPU-b60240a9-31a3-126f-751f-afc1dcc1d73f,2490,10251,76,450.19,450.00,100,1627,24564
369.09829790000003,2026/09/10 17:19:12.098,GPU-b60240a9-31a3-126f-751f-afc1dcc1d73f,2475,10251,76,448.50,450.00,100,1627,24564
374.14628679999805,2026/09/10 17:19:17.146,GPU-b60240a9-31a3-126f-751f-afc1dcc1d73f,2475,10251,75,448.06,450.00,100,1627,24564
379.1939299000005,2026/09/10 17:19:22.194,GPU-b60240a9-31a3-126f-751f-afc1dcc1d73f,2505,10251,76,450.46,450.00,100,1627,24564
384.24198239999896,2026/09/10 17:19:27.242,GPU-b60240a9-31a3-126f-751f-afc1dcc1d73f,2505,10251,76,449.74,450.00,100,1627,24564
389.2896187999977,2026/09/10 17:19:32.289,GPU-b60240a9-31a3-126f-751f-afc1dcc1d73f,2475,10251,76,449.17,450.00,100,1627,24564
394.33832450000045,2026/09/10 17:19:37.338,GPU-b60240a9-31a3-126f-751f-afc1dcc1d73f,2490,10251,76,448.72,450.00,100,1627,24564
399.3866328999975,2026/09/10 17:19:42.386,GPU-b60240a9-31a3-126f-751f-afc1dcc1d73f,2475,10251,76,448.66,450.00,100,1627,24564
404.43452219999745,2026/09/10 17:19:47.434,GPU-b60240a9-31a3-126f-751f-afc1dcc1d73f,2490,10251,76,449.38,450.00,100,1627,24564
409.4883173999988,2026/09/10 17:19:52.488,GPU-b60240a9-31a3-126f-751f-afc1dcc1d73f,2505,10251,76,450.41,450.00,100,1627,24564
414.5365157999986,2026/09/10 17:19:57.536,GPU-b60240a9-31a3-126f-751f-afc1dcc1d73f,2505,10251,76,449.95,450.00,100,1627,24564
419.5855419999971,2026/09/10 17:20:02.584,GPU-b60240a9-31a3-126f-751f-afc1dcc1d73f,2490,10251,75,448.05,450.00,100,1627,24564
424.6327060000003,2026/09/10 17:20:07.632,GPU-b60240a9-31a3-126f-751f-afc1dcc1d73f,2475,10251,76,448.43,450.00,100,1627,24564
429.68147709999903,2026/09/10 17:20:12.680,GPU-b60240a9-31a3-126f-751f-afc1dcc1d73f,2490,10251,76,450.31,450.00,100,1627,24564
434.72918539999955,2026/09/10 17:20:17.728,GPU-b60240a9-31a3-126f-751f-afc1dcc1d73f,2475,10251,76,449.73,450.00,100,1627,24564
439.77705159999823,2026/09/10 17:20:22.776,GPU-b60240a9-31a3-126f-751f-afc1dcc1d73f,2475,10251,75,448.34,450.00,100,1627,24564
444.8191740999973,2026/09/10 17:20:27.818,GPU-b60240a9-31a3-126f-751f-afc1dcc1d73f,2505,10251,76,449.70,450.00,100,1627,24564
449.8716862000001,2026/09/10 17:20:32.870,GPU-b60240a9-31a3-126f-751f-afc1dcc1d73f,2505,10251,76,449.19,450.00,100,1627,24564
454.91140489999816,2026/09/10 17:20:37.910,GPU-b60240a9-31a3-126f-751f-afc1dcc1d73f,2490,10251,76,450.53,450.00,100,1627,24564
459.96326879999833,2026/09/10 17:20:42.962,GPU-b60240a9-31a3-126f-751f-afc1dcc1d73f,2475,10251,76,450.06,450.00,100,1627,24564
465.0032648999986,2026/09/10 17:20:48.002,GPU-b60240a9-31a3-126f-751f-afc1dcc1d73f,2475,10251,75,448.51,450.00,100,1627,24564
470.04963879999923,2026/09/10 17:20:53.048,GPU-b60240a9-31a3-126f-751f-afc1dcc1d73f,2505,10251,76,448.82,450.00,100,1627,24564
475.1139915999993,2026/09/10 17:20:58.112,GPU-b60240a9-31a3-126f-751f-afc1dcc1d73f,2505,10251,76,449.74,450.00,100,1627,24564
480.16262279999864,2026/09/10 17:21:03.161,GPU-b60240a9-31a3-126f-751f-afc1dcc1d73f,2505,10251,76,450.42,450.00,100,1627,24564
485.21077650000007,2026/09/10 17:21:08.209,GPU-b60240a9-31a3-126f-751f-afc1dcc1d73f,2475,10251,75,448.97,450.00,100,1627,24564
490.25812609999775,2026/09/10 17:21:13.256,GPU-b60240a9-31a3-126f-751f-afc1dcc1d73f,2475,10251,75,448.55,450.00,100,1627,24564
495.3065905000003,2026/09/10 17:21:18.304,GPU-b60240a9-31a3-126f-751f-afc1dcc1d73f,2505,10251,76,448.48,450.00,100,1627,24564
500.37073959999907,2026/09/10 17:21:23.369,GPU-b60240a9-31a3-126f-751f-afc1dcc1d73f,2475,10251,75,448.45,450.00,100,1627,24564
505.4189342999998,2026/09/10 17:21:28.416,GPU-b60240a9-31a3-126f-751f-afc1dcc1d73f,2475,10251,76,449.95,450.00,100,1627,24564
510.4664499999999,2026/09/10 17:21:33.464,GPU-b60240a9-31a3-126f-751f-afc1dcc1d73f,2505,10251,76,449.93,450.00,100,1627,24564
515.5209045999982,2026/09/10 17:21:38.518,GPU-b60240a9-31a3-126f-751f-afc1dcc1d73f,2505,10251,76,449.67,450.00,100,1627,24564
520.5699280999979,2026/09/10 17:21:43.568,GPU-b60240a9-31a3-126f-751f-afc1dcc1d73f,2475,10251,75,448.64,450.00,100,1627,24564
525.6328797999995,2026/09/10 17:21:48.630,GPU-b60240a9-31a3-126f-751f-afc1dcc1d73f,2490,10251,76,449.16,450.00,100,1627,24564
530.6797493999984,2026/09/10 17:21:53.678,GPU-b60240a9-31a3-126f-751f-afc1dcc1d73f,2505,10251,76,449.61,450.00,100,1627,24564
535.7277864999996,2026/09/10 17:21:58.725,GPU-b60240a9-31a3-126f-751f-afc1dcc1d73f,2475,10251,76,450.07,450.00,100,1627,24564
540.7760406999987,2026/09/10 17:22:03.774,GPU-b60240a9-31a3-126f-751f-afc1dcc1d73f,2475,10251,76,448.85,450.00,100,1627,24564
545.8392816999985,2026/09/10 17:22:08.837,GPU-b60240a9-31a3-126f-751f-afc1dcc1d73f,2490,10251,76,449.67,450.00,100,1627,24564
550.886889999998,2026/09/10 17:22:13.884,GPU-b60240a9-31a3-126f-751f-afc1dcc1d73f,2490,10251,76,448.36,450.00,100,1627,24564
555.9304191999981,2026/09/10 17:22:18.928,GPU-b60240a9-31a3-126f-751f-afc1dcc1d73f,2490,10251,76,450.33,450.00,100,1627,24564
560.9790742000005,2026/09/10 17:22:23.976,GPU-b60240a9-31a3-126f-751f-afc1dcc1d73f,2475,10251,76,450.51,450.00,100,1627,24564
566.0230969000004,2026/09/10 17:22:29.020,GPU-b60240a9-31a3-126f-751f-afc1dcc1d73f,2475,10251,75,448.28,450.00,100,1627,24564
571.0659001999993,2026/09/10 17:22:34.063,GPU-b60240a9-31a3-126f-751f-afc1dcc1d73f,2490,10251,76,448.66,450.00,100,1627,24564
576.1144576000006,2026/09/10 17:22:39.111,GPU-b60240a9-31a3-126f-751f-afc1dcc1d73f,2475,10251,76,450.23,450.00,100,1627,24564
581.1773945999994,2026/09/10 17:22:44.174,GPU-b60240a9-31a3-126f-751f-afc1dcc1d73f,2490,10251,76,450.11,450.00,100,1627,24564
586.2405283999979,2026/09/10 17:22:49.238,GPU-b60240a9-31a3-126f-751f-afc1dcc1d73f,2475,10251,76,449.55,450.00,100,1627,24564
591.321521599999,2026/09/10 17:22:54.318,GPU-b60240a9-31a3-126f-751f-afc1dcc1d73f,2475,10251,75,449.11,450.00,100,1627,24564
596.3879338000006,2026/09/10 17:22:59.383,GPU-b60240a9-31a3-126f-751f-afc1dcc1d73f,2475,10251,76,448.81,450.00,100,1627,24564
601.4486421999973,2026/09/10 17:23:04.445,GPU-b60240a9-31a3-126f-751f-afc1dcc1d73f,2490,10251,76,449.44,450.00,100,1627,24564
606.5127876999977,2026/09/10 17:23:09.509,GPU-b60240a9-31a3-126f-751f-afc1dcc1d73f,2490,10251,76,450.68,450.00,100,1627,24564
611.5610558999979,2026/09/10 17:23:14.558,GPU-b60240a9-31a3-126f-751f-afc1dcc1d73f,2490,10251,76,450.27,450.00,100,1627,24564
616.6619511999997,2026/09/10 17:23:19.658,GPU-b60240a9-31a3-126f-751f-afc1dcc1d73f,2475,10251,76,448.98,450.00,100,1627,24564
621.7106767000005,2026/09/10 17:23:24.707,GPU-b60240a9-31a3-126f-751f-afc1dcc1d73f,2490,10251,75,448.70,450.00,100,1627,24564
626.7581307999972,2026/09/10 17:23:29.755,GPU-b60240a9-31a3-126f-751f-afc1dcc1d73f,2505,10251,76,450.65,450.00,100,1627,24564
631.8155126999991,2026/09/10 17:23:34.813,GPU-b60240a9-31a3-126f-751f-afc1dcc1d73f,2505,10251,76,450.37,450.00,100,1627,24564
636.8844016999974,2026/09/10 17:23:39.880,GPU-b60240a9-31a3-126f-751f-afc1dcc1d73f,2505,10251,76,449.63,450.00,100,1627,24564
641.9384866999972,2026/09/10 17:23:44.935,GPU-b60240a9-31a3-126f-751f-afc1dcc1d73f,2490,10251,76,450.51,450.00,100,1627,24564
647.0000440000003,2026/09/10 17:23:49.996,GPU-b60240a9-31a3-126f-751f-afc1dcc1d73f,2475,10251,76,449.14,450.00,100,1627,24564
652.0552835999988,2026/09/10 17:23:55.052,GPU-b60240a9-31a3-126f-751f-afc1dcc1d73f,2505,10251,75,448.48,450.00,100,1627,24564
657.1198089999998,2026/09/10 17:24:00.116,GPU-b60240a9-31a3-126f-751f-afc1dcc1d73f,2505,10251,76,450.31,450.00,100,1627,24564
662.1675574000001,2026/09/10 17:24:05.164,GPU-b60240a9-31a3-126f-751f-afc1dcc1d73f,2505,10251,76,450.52,450.00,100,1627,24564
667.2374889999992,2026/09/10 17:24:10.234,GPU-b60240a9-31a3-126f-751f-afc1dcc1d73f,2475,10251,76,449.17,450.00,100,1627,24564
672.2851735999975,2026/09/10 17:24:15.282,GPU-b60240a9-31a3-126f-751f-afc1dcc1d73f,2490,10251,76,449.62,450.00,100,1627,24564
677.3336079999972,2026/09/10 17:24:20.330,GPU-b60240a9-31a3-126f-751f-afc1dcc1d73f,2490,10251,76,449.64,450.00,100,1627,24564
682.3814046999978,2026/09/10 17:24:25.377,GPU-b60240a9-31a3-126f-751f-afc1dcc1d73f,2490,10251,75,448.21,450.00,100,1627,24564
687.4309831999999,2026/09/10 17:24:30.427,GPU-b60240a9-31a3-126f-751f-afc1dcc1d73f,2505,10251,76,449.77,450.00,100,1627,24564
692.4935372999971,2026/09/10 17:24:35.490,GPU-b60240a9-31a3-126f-751f-afc1dcc1d73f,2505,10251,76,450.56,450.00,100,1627,24564
697.5416217999991,2026/09/10 17:24:40.537,GPU-b60240a9-31a3-126f-751f-afc1dcc1d73f,2475,10251,76,450.65,450.00,100,1627,24564
702.5908482999985,2026/09/10 17:24:45.586,GPU-b60240a9-31a3-126f-751f-afc1dcc1d73f,2475,10251,76,449.82,450.00,100,1627,24564
707.6386163999996,2026/09/10 17:24:50.634,GPU-b60240a9-31a3-126f-751f-afc1dcc1d73f,2475,10251,75,447.89,450.00,100,1627,24564
712.7025211999971,2026/09/10 17:24:55.698,GPU-b60240a9-31a3-126f-751f-afc1dcc1d73f,2505,10251,76,449.73,450.00,100,1627,24564
717.7571723000001,2026/09/10 17:25:00.753,GPU-b60240a9-31a3-126f-751f-afc1dcc1d73f,2505,10251,76,450.27,450.00,100,1627,24564
722.8136965999984,2026/09/10 17:25:05.809,GPU-b60240a9-31a3-126f-751f-afc1dcc1d73f,2490,10251,76,450.59,450.00,100,1627,24564
727.8657334999989,2026/09/10 17:25:10.862,GPU-b60240a9-31a3-126f-751f-afc1dcc1d73f,2475,10251,76,448.64,450.00,100,1627,24564
732.90553,2026/09/10 17:25:15.901,GPU-b60240a9-31a3-126f-751f-afc1dcc1d73f,2475,10251,76,449.95,450.00,100,1627,24564
737.9687521999986,2026/09/10 17:25:20.963,GPU-b60240a9-31a3-126f-751f-afc1dcc1d73f,2475,10251,76,448.71,450.00,100,1627,24564
743.0180168999977,2026/09/10 17:25:26.013,GPU-b60240a9-31a3-126f-751f-afc1dcc1d73f,2490,10251,76,450.36,450.00,100,1627,24564
748.0698115999985,2026/09/10 17:25:31.065,GPU-b60240a9-31a3-126f-751f-afc1dcc1d73f,2475,10251,76,448.84,450.00,100,1627,24564
753.1183184999973,2026/09/10 17:25:36.114,GPU-b60240a9-31a3-126f-751f-afc1dcc1d73f,2475,10251,76,448.66,450.00,100,1627,24564
758.1821568999985,2026/09/10 17:25:41.178,GPU-b60240a9-31a3-126f-751f-afc1dcc1d73f,2505,10251,76,450.48,450.00,100,1627,24564
763.2314616000003,2026/09/10 17:25:46.226,GPU-b60240a9-31a3-126f-751f-afc1dcc1d73f,2475,10251,76,450.55,450.00,100,1627,24564
768.2844826,2026/09/10 17:25:51.280,GPU-b60240a9-31a3-126f-751f-afc1dcc1d73f,2490,10251,76,448.72,450.00,100,1627,24564
773.3325371999999,2026/09/10 17:25:56.328,GPU-b60240a9-31a3-126f-751f-afc1dcc1d73f,2490,10251,76,450.22,450.00,100,1627,24564
778.3838006000005,2026/09/10 17:26:01.378,GPU-b60240a9-31a3-126f-751f-afc1dcc1d73f,2475,10251,76,450.18,450.00,100,1627,24564
783.4452826999986,2026/09/10 17:26:06.441,GPU-b60240a9-31a3-126f-751f-afc1dcc1d73f,2490,10251,76,451.02,450.00,100,1627,24564
788.5082124,2026/09/10 17:26:11.503,GPU-b60240a9-31a3-126f-751f-afc1dcc1d73f,2490,10251,76,450.28,450.00,100,1627,24564
793.5574538000001,2026/09/10 17:26:16.551,GPU-b60240a9-31a3-126f-751f-afc1dcc1d73f,2490,10251,76,448.03,450.00,100,1627,24564
798.6223885999971,2026/09/10 17:26:21.616,GPU-b60240a9-31a3-126f-751f-afc1dcc1d73f,2505,10251,76,449.90,450.00,100,1627,24564
803.6683585999999,2026/09/10 17:26:26.663,GPU-b60240a9-31a3-126f-751f-afc1dcc1d73f,2505,10251,76,450.35,450.00,100,1627,24564
808.7176156999994,2026/09/10 17:26:31.712,GPU-b60240a9-31a3-126f-751f-afc1dcc1d73f,2475,10251,76,448.76,450.00,100,1627,24564
813.7662103999974,2026/09/10 17:26:36.760,GPU-b60240a9-31a3-126f-751f-afc1dcc1d73f,2490,10251,76,448.68,450.00,100,1627,24564
818.8316954000002,2026/09/10 17:26:41.827,GPU-b60240a9-31a3-126f-751f-afc1dcc1d73f,2505,10251,76,450.17,450.00,100,1627,24564
823.8803282999979,2026/09/10 17:26:46.875,GPU-b60240a9-31a3-126f-751f-afc1dcc1d73f,2490,10251,76,450.69,450.00,100,1627,24564
828.9238991999991,2026/09/10 17:26:51.919,GPU-b60240a9-31a3-126f-751f-afc1dcc1d73f,2490,10251,76,449.84,450.00,100,1627,24564
833.9822524999981,2026/09/10 17:26:56.976,GPU-b60240a9-31a3-126f-751f-afc1dcc1d73f,2475,10251,76,450.63,450.00,100,1627,24564
839.0264151999982,2026/09/10 17:27:02.021,GPU-b60240a9-31a3-126f-751f-afc1dcc1d73f,2490,10251,75,448.59,450.00,100,1627,24564
844.0682104999978,2026/09/10 17:27:07.063,GPU-b60240a9-31a3-126f-751f-afc1dcc1d73f,2505,10251,76,450.33,450.00,100,1627,24564
849.1172769000004,2026/09/10 17:27:12.112,GPU-b60240a9-31a3-126f-751f-afc1dcc1d73f,2505,10251,76,449.68,450.00,100,1627,24564
854.1656016999987,2026/09/10 17:27:17.160,GPU-b60240a9-31a3-126f-751f-afc1dcc1d73f,2475,10251,75,448.26,450.00,100,1627,24564
859.2142467999984,2026/09/10 17:27:22.208,GPU-b60240a9-31a3-126f-751f-afc1dcc1d73f,2460,10251,76,448.23,450.00,100,1627,24564
864.2622905999997,2026/09/10 17:27:27.256,GPU-b60240a9-31a3-126f-751f-afc1dcc1d73f,2505,10251,76,449.22,450.00,100,1627,24564
869.3157035999975,2026/09/10 17:27:32.310,GPU-b60240a9-31a3-126f-751f-afc1dcc1d73f,2475,10251,76,450.64,450.00,100,1627,24564
874.3636745000003,2026/09/10 17:27:37.358,GPU-b60240a9-31a3-126f-751f-afc1dcc1d73f,2475,10251,76,449.29,450.00,100,1627,24564
879.4114477999974,2026/09/10 17:27:42.406,GPU-b60240a9-31a3-126f-751f-afc1dcc1d73f,2475,10251,76,449.53,450.00,100,1627,24564
884.4606660999998,2026/09/10 17:27:47.455,GPU-b60240a9-31a3-126f-751f-afc1dcc1d73f,2490,10251,76,448.64,450.00,100,1627,24564
889.5080250999999,2026/09/10 17:27:52.502,GPU-b60240a9-31a3-126f-751f-afc1dcc1d73f,2475,10251,76,448.08,450.00,100,1627,24564
894.5561754999981,2026/09/10 17:27:57.550,GPU-b60240a9-31a3-126f-751f-afc1dcc1d73f,2505,10251,76,449.79,450.00,100,1627,24564
899.6190994999997,2026/09/10 17:28:02.614,GPU-b60240a9-31a3-126f-751f-afc1dcc1d73f,2475,10251,76,448.67,450.00,100,1627,24564
904.668440999998,2026/09/10 17:28:07.662,GPU-b60240a9-31a3-126f-751f-afc1dcc1d73f,2475,10251,76,449.52,450.00,100,1627,24564
909.7194005999991,2026/09/10 17:28:12.712,GPU-b60240a9-31a3-126f-751f-afc1dcc1d73f,2490,10251,76,448.67,450.00,100,1627,24564
914.7790924999972,2026/09/10 17:28:17.773,GPU-b60240a9-31a3-126f-751f-afc1dcc1d73f,2475,10251,76,450.35,450.00,100,1627,24564
919.8221604999999,2026/09/10 17:28:22.816,GPU-b60240a9-31a3-126f-751f-afc1dcc1d73f,2505,10251,76,450.65,450.00,100,1627,24564
924.8649841000006,2026/09/10 17:28:27.858,GPU-b60240a9-31a3-126f-751f-afc1dcc1d73f,2475,10251,76,448.93,450.00,100,1627,24564
929.9154546999998,2026/09/10 17:28:32.908,GPU-b60240a9-31a3-126f-751f-afc1dcc1d73f,2505,10251,76,450.56,450.00,100,1627,24564
934.9661053999989,2026/09/10 17:28:37.960,GPU-b60240a9-31a3-126f-751f-afc1dcc1d73f,2475,10251,75,449.23,450.00,100,1627,24564
940.0162949999976,2026/09/10 17:28:43.010,GPU-b60240a9-31a3-126f-751f-afc1dcc1d73f,2475,10251,76,448.27,450.00,100,1627,24564
945.0688349999982,2026/09/10 17:28:48.062,GPU-b60240a9-31a3-126f-751f-afc1dcc1d73f,2490,10251,76,449.91,450.00,99,1627,24564
950.1162178999984,2026/09/10 17:28:53.110,GPU-b60240a9-31a3-126f-751f-afc1dcc1d73f,2505,10251,76,449.80,450.00,100,1627,24564
955.1653912000002,2026/09/10 17:28:58.159,GPU-b60240a9-31a3-126f-751f-afc1dcc1d73f,2490,10251,76,449.20,450.00,100,1627,24564
960.2145270000001,2026/09/10 17:29:03.206,GPU-b60240a9-31a3-126f-751f-afc1dcc1d73f,2475,10251,76,448.34,450.00,100,1627,24564
965.2607437999977,2026/09/10 17:29:08.254,GPU-b60240a9-31a3-126f-751f-afc1dcc1d73f,2490,10251,76,450.54,450.00,100,1627,24564
970.3097003999974,2026/09/10 17:29:13.303,GPU-b60240a9-31a3-126f-751f-afc1dcc1d73f,2505,10251,76,450.44,450.00,100,1627,24564
975.3639368999975,2026/09/10 17:29:18.357,GPU-b60240a9-31a3-126f-751f-afc1dcc1d73f,2475,10251,76,448.66,450.00,100,1627,24564
980.4255539000005,2026/09/10 17:29:23.419,GPU-b60240a9-31a3-126f-751f-afc1dcc1d73f,2475,10251,76,450.58,450.00,100,1627,24564
985.4751876999981,2026/09/10 17:29:28.469,GPU-b60240a9-31a3-126f-751f-afc1dcc1d73f,2505,10251,76,449.25,450.00,100,1627,24564
990.5233291999975,2026/09/10 17:29:33.517,GPU-b60240a9-31a3-126f-751f-afc1dcc1d73f,2475,10251,76,448.58,450.00,100,1627,24564
995.5884673,2026/09/10 17:29:38.580,GPU-b60240a9-31a3-126f-751f-afc1dcc1d73f,2475,10251,76,449.54,450.00,100,1627,24564
1000.6368817999974,2026/09/10 17:29:43.630,GPU-b60240a9-31a3-126f-751f-afc1dcc1d73f,2505,10251,76,450.41,450.00,100,1627,24564
1005.6996911999995,2026/09/10 17:29:48.692,GPU-b60240a9-31a3-126f-751f-afc1dcc1d73f,2475,10251,76,450.01,450.00,100,1627,24564
1010.7456168999997,2026/09/10 17:29:53.739,GPU-b60240a9-31a3-126f-751f-afc1dcc1d73f,2505,10251,76,448.70,450.00,100,1627,24564
1015.8091897999984,2026/09/10 17:29:58.802,GPU-b60240a9-31a3-126f-751f-afc1dcc1d73f,2520,10251,76,449.81,450.00,100,1627,24564
1020.8575550999994,2026/09/10 17:30:03.851,GPU-b60240a9-31a3-126f-751f-afc1dcc1d73f,2490,10251,76,450.80,450.00,100,1627,24564
1025.9027900999972,2026/09/10 17:30:08.896,GPU-b60240a9-31a3-126f-751f-afc1dcc1d73f,2490,10251,76,448.89,450.00,100,1627,24564
1030.9488607999992,2026/09/10 17:30:13.942,GPU-b60240a9-31a3-126f-751f-afc1dcc1d73f,2475,10251,76,450.68,450.00,100,1627,24564
1035.9937103999982,2026/09/10 17:30:18.988,GPU-b60240a9-31a3-126f-751f-afc1dcc1d73f,2475,10251,76,448.17,450.00,100,1627,24564
1041.0355390000004,2026/09/10 17:30:24.029,GPU-b60240a9-31a3-126f-751f-afc1dcc1d73f,2490,10251,76,450.04,450.00,100,1627,24564
1046.1182014999977,2026/09/10 17:30:29.109,GPU-b60240a9-31a3-126f-751f-afc1dcc1d73f,2490,10251,76,450.71,450.00,100,1627,24564
1051.1802271999986,2026/09/10 17:30:34.173,GPU-b60240a9-31a3-126f-751f-afc1dcc1d73f,2475,10251,76,448.80,450.00,100,1627,24564
1056.2747127000002,2026/09/10 17:30:39.268,GPU-b60240a9-31a3-126f-751f-afc1dcc1d73f,2505,10251,76,449.56,450.00,100,1627,24564
1061.3223130999977,2026/09/10 17:30:44.316,GPU-b60240a9-31a3-126f-751f-afc1dcc1d73f,2505,10251,76,450.21,450.00,100,1627,24564
1066.3705957999991,2026/09/10 17:30:49.364,GPU-b60240a9-31a3-126f-751f-afc1dcc1d73f,2490,10251,76,450.40,450.00,100,1627,24564
1071.434993499999,2026/09/10 17:30:54.429,GPU-b60240a9-31a3-126f-751f-afc1dcc1d73f,2505,10251,76,449.71,450.00,100,1627,24564
1076.5211175000004,2026/09/10 17:30:59.514,GPU-b60240a9-31a3-126f-751f-afc1dcc1d73f,2475,10251,76,450.44,450.00,100,1627,24564
1081.6325911999993,2026/09/10 17:31:04.625,GPU-b60240a9-31a3-126f-751f-afc1dcc1d73f,2490,10251,76,449.09,450.00,100,1627,24564
1086.7118378999985,2026/09/10 17:31:09.705,GPU-b60240a9-31a3-126f-751f-afc1dcc1d73f,2505,10251,76,450.07,450.00,100,1627,24564
1091.7754036000006,2026/09/10 17:31:14.768,GPU-b60240a9-31a3-126f-751f-afc1dcc1d73f,2475,10251,76,450.23,450.00,100,1627,24564
1096.8273794999986,2026/09/10 17:31:19.819,GPU-b60240a9-31a3-126f-751f-afc1dcc1d73f,2475,10251,76,448.16,450.00,100,1627,24564
1101.8686247999976,2026/09/10 17:31:24.861,GPU-b60240a9-31a3-126f-751f-afc1dcc1d73f,2505,10251,76,449.24,450.00,100,1627,24564
1106.9278250999996,2026/09/10 17:31:29.921,GPU-b60240a9-31a3-126f-751f-afc1dcc1d73f,2475,10251,75,447.90,450.00,100,1627,24564
1111.9867687000005,2026/09/10 17:31:34.979,GPU-b60240a9-31a3-126f-751f-afc1dcc1d73f,2490,10251,76,450.67,450.00,100,1627,24564
1117.0904854,2026/09/10 17:31:40.081,GPU-b60240a9-31a3-126f-751f-afc1dcc1d73f,2490,10251,76,449.82,450.00,100,1627,24564
1122.1352617999983,2026/09/10 17:31:45.128,GPU-b60240a9-31a3-126f-751f-afc1dcc1d73f,2475,10251,76,448.63,450.00,100,1627,24564
1127.189227699997,2026/09/10 17:31:50.181,GPU-b60240a9-31a3-126f-751f-afc1dcc1d73f,2505,10251,76,449.96,450.00,100,1627,24564
1132.2375367999994,2026/09/10 17:31:55.230,GPU-b60240a9-31a3-126f-751f-afc1dcc1d73f,2505,10251,76,450.46,450.00,100,1627,24564
1137.2861303999998,2026/09/10 17:32:00.279,GPU-b60240a9-31a3-126f-751f-afc1dcc1d73f,2490,10251,76,450.53,450.00,100,1627,24564
1142.3361867999993,2026/09/10 17:32:05.328,GPU-b60240a9-31a3-126f-751f-afc1dcc1d73f,2475,10251,76,449.03,450.00,100,1627,24564
1147.3976160999991,2026/09/10 17:32:10.390,GPU-b60240a9-31a3-126f-751f-afc1dcc1d73f,2490,10251,76,449.17,450.00,100,1627,24564
1152.4462883999986,2026/09/10 17:32:15.438,GPU-b60240a9-31a3-126f-751f-afc1dcc1d73f,2475,10251,76,448.85,450.00,100,1627,24564
1157.4947334999997,2026/09/10 17:32:20.487,GPU-b60240a9-31a3-126f-751f-afc1dcc1d73f,2490,10251,76,448.75,450.00,100,1627,24564
1162.5425751999974,2026/09/10 17:32:25.535,GPU-b60240a9-31a3-126f-751f-afc1dcc1d73f,2505,10251,76,449.94,450.00,100,1627,24564
1167.6392328999973,2026/09/10 17:32:30.632,GPU-b60240a9-31a3-126f-751f-afc1dcc1d73f,2490,10251,76,449.90,450.00,100,1627,24564
1172.7493842999975,2026/09/10 17:32:35.741,GPU-b60240a9-31a3-126f-751f-afc1dcc1d73f,2490,10251,76,448.17,450.00,100,1627,24564
1177.8026882999984,2026/09/10 17:32:40.794,GPU-b60240a9-31a3-126f-751f-afc1dcc1d73f,2505,10251,76,449.92,450.00,100,1627,24564
1182.8644886000002,2026/09/10 17:32:45.857,GPU-b60240a9-31a3-126f-751f-afc1dcc1d73f,2490,10251,76,450.65,450.00,100,1627,24564
1187.9147639999974,2026/09/10 17:32:50.906,GPU-b60240a9-31a3-126f-751f-afc1dcc1d73f,2460,10251,76,448.42,450.00,100,1627,24564
1192.9662747000002,2026/09/10 17:32:55.958,GPU-b60240a9-31a3-126f-751f-afc1dcc1d73f,2475,10251,76,449.97,450.00,100,1627,24564
1198.0215050999977,2026/09/10 17:33:01.013,GPU-b60240a9-31a3-126f-751f-afc1dcc1d73f,2475,10251,76,448.35,450.00,100,1617,24564
